dataset,retain_frac,actual_frac,seed,model,train_n,rmse,mae,best_epoch,train_seconds
FilmTrustScaled,1.0,1.0,11,BiasOnly,27416,0.9381988575079334,0.7329856538457934,15,0.0765870149989496
FilmTrustScaled,1.0,1.0,11,BiasMF,27416,0.9077198231304164,0.7002429836298365,9,0.2101946099992346
FilmTrustScaled,1.0,1.0,11,CosineMF,27416,0.8947118844279343,0.6939506874015822,15,0.4527044009992096
FilmTrustScaled,1.0,1.0,11,NormalizedMF,27416,0.8937762771379285,0.6936870682504124,15,0.44238568900073
FilmTrustScaled,1.0,1.0,22,BiasOnly,27416,0.9383145222491522,0.7329348339316512,15,0.1451998009997623
FilmTrustScaled,1.0,1.0,22,BiasMF,27416,0.9082793930857024,0.7018274811834508,8,0.212663252999846
FilmTrustScaled,1.0,1.0,22,CosineMF,27416,0.8951745154892571,0.6951541820542142,15,0.400158640999507
FilmTrustScaled,1.0,1.0,22,NormalizedMF,27416,0.8947683146586001,0.6952235285364802,15,0.3845930040006351
FilmTrustScaled,1.0,1.0,33,BiasOnly,27416,0.9386043629096928,0.7332774656006299,15,0.0974372339987894
FilmTrustScaled,1.0,1.0,33,BiasMF,27416,0.9135706591252436,0.7039685812837433,8,0.1611729189990001
FilmTrustScaled,1.0,1.0,33,CosineMF,27416,0.8966121040887876,0.6970879749831284,15,0.4719478869992599
FilmTrustScaled,1.0,1.0,33,NormalizedMF,27416,0.896137222636873,0.6962764673627775,15,0.465109618000497
FilmTrustScaled,1.0,1.0,44,BiasOnly,27416,0.9388473948876144,0.7330265880417667,15,0.1118969310009561
FilmTrustScaled,1.0,1.0,44,BiasMF,27416,0.9085494375296675,0.7027644275832333,8,0.2126058550002199
FilmTrustScaled,1.0,1.0,44,CosineMF,27416,0.8911954679728715,0.6913047566267997,15,0.4187659240014909
FilmTrustScaled,1.0,1.0,44,NormalizedMF,27416,0.8928731925163237,0.6928694827440762,15,0.3798420999992231
FilmTrustScaled,1.0,1.0,55,BiasOnly,27416,0.9389466021846432,0.7331840272570486,15,0.1013834700006555
FilmTrustScaled,1.0,1.0,55,BiasMF,27416,0.9107252833170468,0.7016018671265747,8,0.1847206889997323
FilmTrustScaled,1.0,1.0,55,CosineMF,27416,0.8961723183930081,0.6956912328471806,15,0.4286246889987524
FilmTrustScaled,1.0,1.0,55,NormalizedMF,27416,0.8957451925547817,0.6953868991826635,15,0.4432255939991592
FilmTrustScaled,0.75,0.7528085789320105,11,BiasOnly,20639,0.9431474431195368,0.7373350037023845,15,0.0894490970003971
FilmTrustScaled,0.75,0.7528085789320105,11,BiasMF,20639,0.9266959088532644,0.7208186048337207,10,0.1352982030002749
FilmTrustScaled,0.75,0.7528085789320105,11,CosineMF,20639,0.9087572767780558,0.7094047010910318,15,0.3009923080007866
FilmTrustScaled,0.75,0.7528085789320105,11,NormalizedMF,20639,0.906883837955014,0.7065499253664892,15,0.3594707949996518
FilmTrustScaled,0.75,0.7528085789320105,22,BiasOnly,20639,0.9431972101166082,0.7379143800146221,15,0.0993744430015795
FilmTrustScaled,0.75,0.7528085789320105,22,BiasMF,20639,0.926457869939276,0.7170971079221655,10,0.2077855520001321
FilmTrustScaled,0.75,0.7528085789320105,22,CosineMF,20639,0.9119976596216304,0.7123229650944811,15,0.3892012870001053
FilmTrustScaled,0.75,0.7528085789320105,22,NormalizedMF,20639,0.9093169733489984,0.709873503814862,15,0.3106989490006526
FilmTrustScaled,0.75,0.7528085789320105,33,BiasOnly,20639,0.9427389206422032,0.7376179549246401,15,0.0777533649998076
FilmTrustScaled,0.75,0.7528085789320105,33,BiasMF,20639,0.922589225552428,0.7142798979266647,9,0.1992635930000688
FilmTrustScaled,0.75,0.7528085789320105,33,CosineMF,20639,0.9128496982277198,0.7118603134841782,15,0.3263273920001666
FilmTrustScaled,0.75,0.7528085789320105,33,NormalizedMF,20639,0.9099050568103688,0.7091716178248725,15,0.3280666909995489
FilmTrustScaled,0.75,0.7528085789320105,44,BiasOnly,20639,0.9434710757135302,0.7376275477326409,15,0.0855080989986163
FilmTrustScaled,0.75,0.7528085789320105,44,BiasMF,20639,0.9190346582088672,0.7138244226154769,9,0.1712110930002381
FilmTrustScaled,0.75,0.7528085789320105,44,CosineMF,20639,0.9070927046593864,0.7076954238058638,15,0.3039642080002522
FilmTrustScaled,0.75,0.7528085789320105,44,NormalizedMF,20639,0.9063494627947783,0.7068030729791541,15,0.3054668859986122
FilmTrustScaled,0.75,0.7528085789320105,55,BiasOnly,20639,0.9432675083189817,0.7374474079793416,15,0.0735054560009302
FilmTrustScaled,0.75,0.7528085789320105,55,BiasMF,20639,0.9230537906290232,0.716492394880399,9,0.1226186969997797
FilmTrustScaled,0.75,0.7528085789320105,55,CosineMF,20639,0.912654906638061,0.7134720516834133,15,0.2648858299999119
FilmTrustScaled,0.75,0.7528085789320105,55,NormalizedMF,20639,0.9102513289542632,0.7110880558263347,15,0.2264509489996271
FilmTrustScaled,0.5,0.5114896410854975,11,BiasOnly,14023,0.976486480994418,0.7671841608240851,15,0.0632418120003421
FilmTrustScaled,0.5,0.5114896410854975,11,BiasMF,14023,0.9789016488917488,0.7704170835754725,14,0.1051417580001725
FilmTrustScaled,0.5,0.5114896410854975,11,CosineMF,14023,0.9343426574554656,0.7346244862355654,15,0.1781608490000508
FilmTrustScaled,0.5,0.5114896410854975,11,NormalizedMF,14023,0.9344644416677672,0.7338509837095081,15,0.1534567199996672
FilmTrustScaled,0.5,0.5114896410854975,22,BiasOnly,14023,0.976486480994418,0.7671841608240851,15,0.0608110890007083
FilmTrustScaled,0.5,0.5114896410854975,22,BiasMF,14023,0.966564011184215,0.7592880349711307,14,0.103129090000948
FilmTrustScaled,0.5,0.5114896410854975,22,CosineMF,14023,0.9337849039505528,0.7333960942186563,15,0.1396212109993939
FilmTrustScaled,0.5,0.5114896410854975,22,NormalizedMF,14023,0.9332752300033268,0.7325328879536592,15,0.1576048139995691
FilmTrustScaled,0.5,0.5114896410854975,33,BiasOnly,14023,0.976486480994418,0.7671841608240851,15,0.0686704069994448
FilmTrustScaled,0.5,0.5114896410854975,33,BiasMF,14023,0.9596269788030584,0.7532811797015597,14,0.151050579999719
FilmTrustScaled,0.5,0.5114896410854975,33,CosineMF,14023,0.932402195793877,0.7317733718881224,15,0.194845878999331
FilmTrustScaled,0.5,0.5114896410854975,33,NormalizedMF,14023,0.9320847760407136,0.7313164320260948,15,0.2067913659993792
FilmTrustScaled,0.5,0.5114896410854975,44,BiasOnly,14023,0.976486480994418,0.7671841608240851,15,0.0869261490006465
FilmTrustScaled,0.5,0.5114896410854975,44,BiasMF,14023,0.956862848899428,0.7489913638366077,15,0.1573963680002634
FilmTrustScaled,0.5,0.5114896410854975,44,CosineMF,14023,0.9306608699888426,0.730303109300015,15,0.2131138340009783
FilmTrustScaled,0.5,0.5114896410854975,44,NormalizedMF,14023,0.9305997703393636,0.73012055303783,15,0.2069817980009247
FilmTrustScaled,0.5,0.5114896410854975,55,BiasOnly,14023,0.976486480994418,0.7671841608240851,15,0.0692217910000181
FilmTrustScaled,0.5,0.5114896410854975,55,BiasMF,14023,0.9645884266249294,0.754037473755249,14,0.1216186830006336
FilmTrustScaled,0.5,0.5114896410854975,55,CosineMF,14023,0.9342737255722108,0.732534352504499,15,0.2108687180007109
FilmTrustScaled,0.5,0.5114896410854975,55,NormalizedMF,14023,0.9337520845456232,0.7324447952206433,15,0.2192555799992988
FilmTrustScaled,0.25,0.2944630872483221,11,BiasOnly,8073,0.97903658929301,0.7681131254217907,15,0.0502669589986908
FilmTrustScaled,0.25,0.2944630872483221,11,BiasMF,8073,0.9898963544360944,0.7813148796022046,12,0.0897635490000539
FilmTrustScaled,0.25,0.2944630872483221,11,CosineMF,8073,0.9665475709779084,0.7637760045647121,15,0.1107762829997227
FilmTrustScaled,0.25,0.2944630872483221,11,NormalizedMF,8073,0.9634033355835628,0.7597108507985902,15,0.1155861980005283
FilmTrustScaled,0.25,0.2944630872483221,22,BiasOnly,8073,0.97903658929301,0.7681131254217907,15,0.0299677939983666
FilmTrustScaled,0.25,0.2944630872483221,22,BiasMF,8073,0.9960283427350504,0.7834332059369377,13,0.0950407569998788
FilmTrustScaled,0.25,0.2944630872483221,22,CosineMF,8073,0.9703451038914884,0.7651698908265222,15,0.1384212549983203
FilmTrustScaled,0.25,0.2944630872483221,22,NormalizedMF,8073,0.9650716617425246,0.7596748960754725,15,0.1129786100009369
FilmTrustScaled,0.25,0.2944630872483221,33,BiasOnly,8073,0.97903658929301,0.7681131254217907,15,0.0323755010012973
FilmTrustScaled,0.25,0.2944630872483221,33,BiasMF,8073,0.9914376064493436,0.7793495988302339,13,0.0943794260001595
FilmTrustScaled,0.25,0.2944630872483221,33,CosineMF,8073,0.961551795843427,0.7585632287604979,15,0.1384576479995303
FilmTrustScaled,0.25,0.2944630872483221,33,NormalizedMF,8073,0.9583535014719546,0.7547735570073485,15,0.1179721689986763
FilmTrustScaled,0.25,0.2944630872483221,44,BiasOnly,8073,0.97903658929301,0.7681131254217907,15,0.0329964979991928
FilmTrustScaled,0.25,0.2944630872483221,44,BiasMF,8073,0.9880193837177385,0.7764830334714307,13,0.0876086839998606
FilmTrustScaled,0.25,0.2944630872483221,44,CosineMF,8073,0.9636963825901672,0.7591163896127024,15,0.1092425210008514
FilmTrustScaled,0.25,0.2944630872483221,44,NormalizedMF,8073,0.9602846839249228,0.7551368388431688,15,0.1467286129991407
FilmTrustScaled,0.25,0.2944630872483221,55,BiasOnly,8073,0.97903658929301,0.7681131254217907,15,0.033281766998698
FilmTrustScaled,0.25,0.2944630872483221,55,BiasMF,8073,0.9925477648405778,0.7807786343122001,12,0.0960855209996225
FilmTrustScaled,0.25,0.2944630872483221,55,CosineMF,8073,0.9678236586157056,0.7627268003430564,15,0.1597452950009028
FilmTrustScaled,0.25,0.2944630872483221,55,NormalizedMF,8073,0.9640213583936366,0.7589949051205384,15,0.0647457449995272
FilmTrustScaled,0.1,0.2093667931135103,11,BiasOnly,5740,0.9855481732773164,0.7708408513609778,15,0.0470670380000228
FilmTrustScaled,0.1,0.2093667931135103,11,BiasMF,5740,1.00044614911638,0.7859303383463933,11,0.0326502349998918
FilmTrustScaled,0.1,0.2093667931135103,11,CosineMF,5740,0.9901800077627024,0.7813180283865102,15,0.0714333609994355
FilmTrustScaled,0.1,0.2093667931135103,11,NormalizedMF,5740,0.9847170968271955,0.774361192214682,15,0.0437133649993484
FilmTrustScaled,0.1,0.2093667931135103,22,BiasOnly,5740,0.9855482104279816,0.7708408513609778,15,0.0493231580003339
FilmTrustScaled,0.1,0.2093667931135103,22,BiasMF,5740,1.007519765297036,0.7894016167469631,12,0.036656201000369
FilmTrustScaled,0.1,0.2093667931135103,22,CosineMF,5740,0.99044919986145,0.7794207760010498,15,0.0710813810001127
FilmTrustScaled,0.1,0.2093667931135103,22,NormalizedMF,5740,0.9837270740448076,0.7720274304514098,15,0.0710243840003386
FilmTrustScaled,0.1,0.2093667931135103,33,BiasOnly,5740,0.9855481732773164,0.7708408513609778,15,0.0202257759992789
FilmTrustScaled,0.1,0.2093667931135103,33,BiasMF,5740,1.00698323667497,0.7875652896764397,12,0.0408207069995114
FilmTrustScaled,0.1,0.2093667931135103,33,CosineMF,5740,0.9877730672365508,0.7780083631711158,15,0.0746440389993949
FilmTrustScaled,0.1,0.2093667931135103,33,NormalizedMF,5740,0.9815307595656926,0.7712532688774745,15,0.078853942999558
FilmTrustScaled,0.1,0.2093667931135103,44,BiasOnly,5740,0.9855481732773164,0.7708408513609778,15,0.0184268480006721
FilmTrustScaled,0.1,0.2093667931135103,44,BiasMF,5740,0.9970655309667236,0.7819238398414067,12,0.0552471190003416
FilmTrustScaled,0.1,0.2093667931135103,44,CosineMF,5740,0.984940795633902,0.7761125021089532,15,0.1050697329992544
FilmTrustScaled,0.1,0.2093667931135103,44,NormalizedMF,5740,0.9802746445412652,0.7704530382985902,15,0.0988620900006935
FilmTrustScaled,0.1,0.2093667931135103,55,BiasOnly,5740,0.9855481732773164,0.7708408513609778,15,0.0227546349997282
FilmTrustScaled,0.1,0.2093667931135103,55,BiasMF,5740,0.9998503483201276,0.7808321636453959,12,0.0826093739997304
FilmTrustScaled,0.1,0.2093667931135103,55,CosineMF,5740,0.989520342281586,0.7780906709283143,15,0.0912986130006174
FilmTrustScaled,0.1,0.2093667931135103,55,NormalizedMF,5740,0.9839101766499608,0.7723421624268896,15,0.08839492900006
