dataset,nominal_retention,actual_retention,n_seeds,delta_rmse,delta_rmse_sd,relative_rmse_gain_pct,delta_mae,delta_mae_sd
BookCrossing,1.0,1.0,5,0.0124086631373507,0.0003854352746232,1.715928612167914,0.0115729395388958,0.000531869222787
BookCrossing,0.75,0.766036631941623,5,0.0123301480433544,0.0003571392396175,1.684520230270777,0.0115875941028858,0.0001004589535957
BookCrossing,0.5,0.5579138970600185,5,0.0131212435174971,0.0012121485460277,1.765598893249395,0.0127410161151191,0.0013340046959626
BookCrossing,0.25,0.3998797354179194,5,0.0125467045224435,0.0013487613508301,1.6690477536627928,0.0119092103199498,0.0015724938933617
BookCrossing,0.1,0.3535453673757943,5,0.0124423292863034,0.0009401877943031,1.6470820310852694,0.0115854130724592,0.0009348001942187
FilmTrust,1.0,1.0,5,0.0001132181734703,0.001024570258776,0.0124634222789128,-5.0922432700950535e-05,0.0009028939500348
FilmTrust,0.75,0.7528085789320105,5,0.0021291172122861,0.0008704393467996,0.2335928315674919,0.0022538558694511,0.0007840733685952
FilmTrust,0.5,0.5114896410854975,5,0.0002576100328308,0.0002825695088183,0.027597913538649,0.0004731524398245,0.0003443132260936
FilmTrust,0.25,0.2944630872483221,5,0.003765994160419,0.000881491616486,0.38965552410076,0.0042122532524745,0.0007298173430959
FilmTrust,0.1,0.2093667931135103,5,0.0057407322294538,0.0007848038327882,0.5806137376548711,0.0065026496653794,0.0007653502649911
Jester,1.0,1.0,3,0.0032286000727221,0.0002859958275757,0.3943785337607413,0.0028156707568332,0.0005192992813087
Jester,0.75,0.7504275107938284,3,0.0036773688497662,0.0003810182679449,0.4449527528042503,0.0032411511285146,0.000359115962366
Jester,0.5,0.5000341456785712,3,0.0035185172337317,0.0002189953566388,0.4165100679146385,0.002044310965841,0.0002584915269538
Jester,0.25,0.2495724892061716,3,0.0026427831545688,0.0001687101374484,0.2979519947625788,0.0018064536768075,0.0001484845136889
Jester,0.1,0.1077713494993001,3,0.0050077140878845,0.0002005285162026,0.5261133272746333,0.0041162671663192,0.0001822697581018
MovieLens100K,1.0,1.0,10,0.00441221553114014,0.00038653827154805126,0.47835065230929674,0.0033571012156084047,0.00032646551110164816
MovieLens100K,0.75,0.75,10,0.0043512951683461806,0.0006003453062909553,0.462697453682076,0.003520269471346593,0.0005328934568423843
MovieLens100K,0.5,0.5,10,0.0051020170511881565,0.0004231244740374121,0.526681179367986,0.004423391574057823,0.0004884768615938543
MovieLens100K,0.25,0.25,10,0.005989004227852912,0.0005735895045437983,0.5878365031516875,0.004890917078029489,0.0006117022603528329
MovieLens100K,0.1,0.1,10,0.006226370657882785,0.0005857443260564581,0.5837812524306422,0.003720617968201878,0.0005894379297783644
MovieLens1M,1.0,1.0,5,0.0006399267380200913,0.00016189313817408096,0.07280526741959388,0.0002566171319924093,6.79470112341229e-05
MovieLens1M,0.75,0.75,5,-0.0003051341966131105,0.00019165457752566136,-0.03424769327179939,-0.0003700871860302213,0.00015703007959894785
MovieLens1M,0.5,0.5,5,0.0016466992974743856,0.0002161507115341018,0.17648137067524172,0.0008967996347442719,0.0001745695945720971
MovieLens1M,0.25,0.25,5,0.000984638681860006,0.0006593390685632209,0.09951354365139937,0.0007887239817872427,0.00047494858600440314
MovieLens1M,0.1,0.1,5,0.004957015184880476,0.0002660839168353826,0.46669717207972267,0.001612519388572009,0.00025864832959615435
