retain_frac,K,weight_decay,gain_mean,gain_sd
0.1,16.0,1e-05,0.01264298081310744,0.0008708923023941911
0.1,16.0,0.0001,0.012606378856578967,0.0008472350751263214
0.1,16.0,0.001,0.012799217610993304,0.0006798559459443986
0.1,32.0,1e-05,0.005973788998823763,0.0002086711199472981
0.1,32.0,0.0001,0.005873105031227806,0.0002575201814135648
0.1,32.0,0.001,0.006051357165821465,0.0004689940891895361
0.1,64.0,1e-05,0.003091336275807525,5.301939424612786e-05
0.1,64.0,0.0001,0.003114570608816184,0.00013384518598745341
0.1,64.0,0.001,0.003667690818216496,0.00020561718961721132
0.5,16.0,1e-05,0.0110968473174946,0.0005015043746944265
0.5,16.0,0.0001,0.011321393722191065,0.0005576955108910638
0.5,16.0,0.001,0.0106168289682262,0.0003334911120406005
0.5,32.0,1e-05,0.0052413939624181005,2.2593560394586687e-05
0.5,32.0,0.0001,0.005544052422499633,0.0004219581202945989
0.5,32.0,0.001,0.003860642323110567,0.0006222185852435481
0.5,64.0,1e-05,0.00223360464220675,0.00027364077196649086
0.5,64.0,0.0001,0.002522949114040385,0.00027372808547029007
0.5,64.0,0.001,0.0014531778500071295,0.0009095633344386113
1.0,16.0,1e-05,0.0094694488038361,0.0006634177472266414
1.0,16.0,0.0001,0.009423394136090701,0.0009735292671405495
1.0,16.0,0.001,0.007008635380292501,0.0013582782071743708
1.0,32.0,1e-05,0.0046427901227800335,0.00013967749856132894
1.0,32.0,0.0001,0.0044749812593475,0.0002686981283640799
1.0,32.0,0.001,0.0027902358212196668,0.00036165867855650406
1.0,64.0,1e-05,0.0014307395015835667,0.00022371140555756003
1.0,64.0,0.0001,0.0008958405064287333,0.0003971634876105873
1.0,64.0,0.001,0.004123832218049567,0.0007515227554640219
