split_seed,retain_frac,cosine_rmse,normalized_rmse,gain_cosine_minus_norm
20260918,1.0,0.9242364577381257,0.9196980296318079,0.004538428106317771
20260918,0.5,0.9680972207124281,0.9628396377767537,0.005257582935674354
20260918,0.1,1.0652909972939346,1.0593027826795571,0.005988214614377485
20260919,1.0,0.9185670734129304,0.9139679244123595,0.004599149000570901
20260919,0.5,0.9576629792845867,0.95416177587916,0.0035012034054267005
20260919,0.1,1.0658788233378598,1.0596094397404014,0.006269383597458322
20260920,1.0,0.9198719441842893,0.915068400833812,0.0048035433504772795
20260920,0.5,0.9617968514243282,0.9578221712586372,0.003974680165691025
20260920,0.1,1.0717677881205827,1.0644889152224128,0.007278872898169864
