dataset,nominal_retention,actual_retention
MovieLens 100K,1.0,1.0
MovieLens 100K,0.75,0.750074977506748
MovieLens 100K,0.5,0.49985004498650404
MovieLens 100K,0.25,0.25091222633210036
MovieLens 100K,0.1,0.11237878636409078
MovieLens 1M,1.0,1.0
MovieLens 1M,0.75,0.7500765329391522
MovieLens 1M,0.5,0.4999156575772608
MovieLens 1M,0.25,0.250240844473822
MovieLens 1M,0.1,0.10550050043170825
Book-Crossing,1.0,1.0
Book-Crossing,0.75,0.766036631941623
Book-Crossing,0.5,0.5579138970600185
Book-Crossing,0.25,0.3998797354179194
Book-Crossing,0.1,0.3535453673757943
FilmTrust,1.0,1.0
FilmTrust,0.75,0.7528085789320105
FilmTrust,0.5,0.5114896410854975
FilmTrust,0.25,0.2944630872483221
FilmTrust,0.1,0.2093667931135103
Jester,1.0,1.0
Jester,0.75,0.7504275107938284
Jester,0.5,0.5000341456785712
Jester,0.25,0.2495724892061716
Jester,0.1,0.1077713494993001
