dataset,retention,n_users_test,n_test,n_seeds,delta_rmse_mean,ci95_low,ci95_high,boot_median,bootstrap_reps
100K,1.0,943,9977,10,0.0044122155311401,0.003794357303783,0.0050474880510118,0.0044187561378335,10000
100K,0.75,943,9977,10,0.0043512951683462,0.0037398013774958,0.0049590436391411,0.0043573938325399,10000
100K,0.5,943,9977,10,0.0051020170511881,0.0045182861641156,0.005689153836717,0.0050996149080727,10000
100K,0.25,943,9977,10,0.0059890042278529,0.0055634821161506,0.006426309416837,0.0059817613337033,10000
100K,0.1,943,9977,10,0.0062263706578828,0.0058494062110474,0.0066006110932936,0.0062231159956704,10000
1M,1.0,6040,99930,5,0.0006399000243852,0.0003348461124204,0.0009370443550733,0.0006417889937978,10000
1M,0.75,6040,99930,5,-0.0003051429701089,-0.0006335341475706,2.0132202540840043e-05,-0.0003022399371019,10000
1M,0.5,6040,99930,5,0.0016467328460848,0.0013414800257241,0.001940157260197,0.0016486684319141,10000
1M,0.25,6040,99930,5,0.0009846387354394,0.0007025404969896,0.0012626663022071,0.0009828241543355,10000
1M,0.1,6040,99930,5,0.0049569857767129,0.0048146455314583,0.0050982115851907,0.0049578376612638,10000
